layer1,layer2,J_obs,J_null_mean,J_null_sd,z,p_raw,n_null_draws,methodological_confound,seed,p_fdr_bh,significant_bh,p_fdr_by,significant_by
CCAM,CCVM,0.33584905660377357,0.12922472442227234,0.012759239538226613,16.194094605909374,9.999000099990002e-05,10000,True,20260522,0.0009427628665704858,True,0.004501152517033517,True
CCAM,CMP,0.12074303405572756,0.05303282592129399,0.008809902181598413,7.685693522893197,9.999000099990002e-05,10000,False,20260522,0.0009427628665704858,True,0.004501152517033517,True
CCAM,CS,0.045584045584045586,0.02262436200781558,0.0059517840356426484,3.8576136900691353,0.0005999400059994001,10000,False,20260522,0.00395960403959604,True,0.018904840571540772,True
CCAM,IG,0.034523809523809526,0.030718031328889856,0.0038270031982068943,0.9944538840999221,0.3424657534246575,10000,False,20260522,0.6625390092569691,False,1.0,False
CCAM,IC,0.02336448598130841,0.01444250947022011,0.0061345897656474085,1.454372150693719,0.23727627237276272,10000,False,20260522,0.590274305902743,False,1.0,False
CCAM,RP,0.024896265560165973,0.025129072943444394,0.005956556934591875,-0.03908422026933454,1.0,10000,False,20260522,1.0,False,1.0,False
CCAM,IRP,0.0,0.001708586146322936,0.0036431783671397595,-0.4689822935198032,1.0,10000,False,20260522,1.0,False,1.0,False
CCAM,IAC_RAC,0.03411513859275053,0.02848427422144395,0.005986309702477238,0.9406236314463372,0.36546345365463456,10000,False,20260522,0.6625390092569691,False,1.0,False
CCAM,IAC_RDE,0.011976047904191617,0.009037502215763793,0.004908762874905648,0.5986326419330872,1.0,10000,False,20260522,1.0,False,1.0,False
CCAM,IRAC,0.01927710843373494,0.02191773912674815,0.005872592632297963,-0.44965330618887495,0.6841315868413159,10000,False,20260522,0.8886265219631884,False,1.0,False
CCAM,RAC,0.03852889667250438,0.03782233586564464,0.001785121811219056,0.3958053744115264,0.7346265373462654,10000,False,20260522,0.9148179521670475,False,1.0,False
CCVM,CMP,0.10822510822510822,0.047332795001907964,0.00739584197091767,8.233317242667475,9.999000099990002e-05,10000,False,20260522,0.0009427628665704858,True,0.004501152517033517,True
CCVM,CS,0.061601642710472276,0.025374984487546735,0.0056530339579195345,6.408356732436454,9.999000099990002e-05,10000,False,20260522,0.0009427628665704858,True,0.004501152517033517,True
CCVM,IG,0.06589958158995816,0.06111049371801906,0.005091879815839471,0.9405343498174358,0.38146185381461856,10000,False,20260522,0.6625390092569691,False,1.0,False
CCVM,IC,0.03943661971830986,0.027427935914384704,0.006284084618931571,1.910967870761564,0.06979302069793021,10000,False,20260522,0.31148885111488855,False,1.0,False
CCVM,RP,0.023195876288659795,0.024736631381649766,0.005605285331152721,-0.27487540811292055,0.8192180781921807,10000,False,20260522,1.0,False,1.0,False
CCVM,IRP,0.0,0.00456659360671212,0.003528539075703876,-1.294188191978906,0.32486751324867513,10000,False,20260522,0.6625390092569691,False,1.0,False
CCVM,IAC_RAC,0.03927986906710311,0.042778292664213804,0.006499830604825645,-0.538233041721637,0.6034396560343965,10000,False,20260522,0.8297295270472952,False,1.0,False
CCVM,IAC_RDE,0.03908794788273615,0.029419940288162808,0.005312186756122679,1.8199675648508153,0.11138886111388861,10000,False,20260522,0.37682231776822317,False,1.0,False
CCVM,IRAC,0.03804347826086957,0.03710623295697229,0.0064794442720149305,0.14464902614338265,1.0,10000,False,20260522,1.0,False,1.0,False
CCVM,RAC,0.05237315875613748,0.05428698107770913,0.00232553037670341,-0.8229616524229686,0.46125387461253875,10000,False,20260522,0.7520028484956383,False,1.0,False
CMP,CS,0.11464968152866242,0.08104580738087164,0.009122624869385516,3.683575136423897,0.0005999400059994001,10000,False,20260522,0.00395960403959604,True,0.018904840571540772,True
CMP,IG,0.07539267015706806,0.07009113036245383,0.005714850404175774,0.9276777902603464,0.37706229377062295,10000,False,20260522,0.6625390092569691,False,1.0,False
CMP,IC,0.03856749311294766,0.03460269374980006,0.007437696087343384,0.5330682131385336,0.6941305869413059,10000,False,20260522,0.8886265219631884,False,1.0,False
CMP,RP,0.046511627906976744,0.03742908622917187,0.005110646441712666,1.777180593764799,0.1141885811418858,10000,False,20260522,0.37682231776822317,False,1.0,False
CMP,IRP,0.007220216606498195,0.008192966282307514,0.00439995029961089,-0.22108196901572813,1.0,10000,False,20260522,1.0,False,1.0,False
CMP,IAC_RAC,0.0681063122923588,0.06036282593479844,0.0079763191168296,0.9708094979828512,0.37816218378162186,10000,False,20260522,0.6625390092569691,False,1.0,False
CMP,IAC_RDE,0.01238390092879257,0.016316467383253198,0.005534385688525043,-0.71056964147157,0.5734426557344265,10000,False,20260522,0.8170544647662894,False,1.0,False
CMP,IRAC,0.0544464609800363,0.048672123764958795,0.0077477191090757945,0.7452951163799106,0.46715328467153283,10000,False,20260522,0.7520028484956383,False,1.0,False
CMP,RAC,0.08333333333333333,0.08134632185266819,0.002866694610469624,0.6931367831816692,0.5271472852714728,10000,False,20260522,0.7731493517314935,False,1.0,False
CS,IG,0.054136874361593465,0.06085282450566199,0.005098821676050751,-1.3171572905978364,0.19858014198580143,10000,False,20260522,0.5698386683070823,False,1.0,False
CS,IC,0.018666666666666668,0.028131895327820906,0.006164107727978589,-1.5355391370257887,0.17168283171682833,10000,False,20260522,0.5395746139671748,False,1.0,False
CS,RP,0.04060913705583756,0.029746864528943366,0.004317502263310704,2.515869561713882,0.0168983101689831,10000,False,20260522,0.09294070592940705,False,0.4437386189708875,False
CS,IRP,0.0035335689045936395,0.007730388781747084,0.004069552362769459,-1.0312730991123986,0.40435956404359563,10000,False,20260522,0.6843008006891618,False,1.0,False
CS,IAC_RAC,0.038461538461538464,0.04290083212576859,0.006259110654287606,-0.7092531047025232,0.5041495850414959,10000,False,20260522,0.765973402659734,False,1.0,False
CS,IAC_RDE,0.018404907975460124,0.012906867793902859,0.004774990225094583,1.1514243846328207,0.32656734326567344,10000,False,20260522,0.6625390092569691,False,1.0,False
CS,IRAC,0.06739526411657559,0.07040930053369214,0.007556389713644611,-0.39887254778218845,0.7001299870012999,10000,False,20260522,0.8886265219631884,False,1.0,False
CS,RAC,0.09346846846846847,0.08549215392291763,0.0022164729667698145,3.5986518514480923,0.00029997000299970003,10000,False,20260522,0.002474752524747525,True,0.011815525357212982,True
IG,IC,0.09001233045622688,0.07752502943777596,0.004821863747229629,2.5897249845820327,0.010798920107989201,10000,False,20260522,0.06479352064793521,False,0.3093519366252126,False
IG,RP,0.02127659574468085,0.028447652203986894,0.003131816201669029,-2.2897437134032304,0.023697630236976304,10000,False,20260522,0.12031104581849508,False,0.5744163096737388,False
IG,IRP,0.008985879332477536,0.00945622490729066,0.0019371998966456886,-0.24279661362130986,1.0,10000,False,20260522,1.0,False,1.0,False
IG,IAC_RAC,0.04735883424408015,0.05693696830580209,0.005291024678748439,-1.810260704357099,0.0806919308069193,10000,False,20260522,0.3163801266932131,False,1.0,False
IG,IAC_RDE,0.01707317073170732,0.02064633882632648,0.0035038648987416278,-1.0197790719335162,0.3691630836916308,10000,False,20260522,0.6625390092569691,False,1.0,False
IG,IRAC,0.09236947791164658,0.06477978202077972,0.005719944624009753,4.823420103589419,9.999000099990002e-05,10000,False,20260522,0.0009427628665704858,True,0.004501152517033517,True
IG,RAC,0.14687939934303143,0.14319600319159675,0.0032881092359500286,1.1202170874260622,0.2870712928707129,10000,False,20260522,0.6533346665333467,False,1.0,False
IC,RP,0.019455252918287938,0.01699265467461466,0.004521459335739409,0.5446467745950795,0.662033796620338,10000,False,20260522,0.8886265219631884,False,1.0,False
IC,IRP,0.03816793893129771,0.0320762647022189,0.003362949570507989,1.811408140788336,0.22147785221477853,10000,False,20260522,0.590274305902743,False,1.0,False
IC,IAC_RAC,0.012145748987854251,0.017488870799366396,0.004735152301269277,-1.1283949219711262,0.2866713328667133,10000,False,20260522,0.6533346665333467,False,1.0,False
IC,IAC_RDE,0.0,0.0006247462919594068,0.0017837511398093458,-0.35024296720347553,1.0,10000,False,20260522,1.0,False,1.0,False
IC,IRAC,0.02097902097902098,0.02064733063875122,0.005616713401132912,0.05905416861804915,1.0,10000,False,20260522,1.0,False,1.0,False
IC,RAC,0.019897669130187607,0.021990244458752303,0.0016615142678217075,-1.2594386753645646,0.22397760223977603,10000,False,20260522,0.590274305902743,False,1.0,False
RP,IRP,0.1232876712328767,0.10523365114792604,0.009459586568489864,1.9085421920117616,0.11348865113488651,10000,False,20260522,0.37682231776822317,False,1.0,False
RP,IAC_RAC,0.015384615384615385,0.018795742553770405,0.004468252948265437,-0.7634140700291395,0.5106489351064893,10000,False,20260522,0.765973402659734,False,1.0,False
RP,IAC_RDE,0.02912621359223301,0.027834254730309715,0.0025412643220105585,0.5083921616233701,1.0,10000,False,20260522,1.0,False,1.0,False
RP,IRAC,0.004310344827586207,0.011888333538392618,0.003854396978161815,-1.9660633696377583,0.08149185081491851,10000,False,20260522,0.3163801266932131,False,1.0,False
RP,RAC,0.044126074498567334,0.04213575230055866,0.0015187713517393205,1.3104817889337501,0.24147585241475852,10000,False,20260522,0.590274305902743,False,1.0,False
IRP,IAC_RAC,0.0,0.0020402014074966538,0.001997113636196337,-1.0215750223319195,0.5818418158184182,10000,False,20260522,0.8170544647662894,False,1.0,False
IRP,IAC_RDE,0.0,0.0,0.0,,1.0,10000,False,20260522,1.0,False,1.0,False
IRP,IRAC,0.0029498525073746312,0.002365840787728141,0.0021695859290411144,0.26918118882924547,1.0,10000,False,20260522,1.0,False,1.0,False
IRP,RAC,0.0035502958579881655,0.004175290661085044,0.0008284537172986302,-0.7544112483855133,0.49025097490250974,10000,False,20260522,0.765973402659734,False,1.0,False
IAC_RAC,IAC_RDE,0.004464285714285714,0.005371885161348434,0.003019508725115303,-0.30057851448270345,1.0,10000,False,20260522,1.0,False,1.0,False
IAC_RAC,IRAC,0.0781010719754977,0.08696909058803307,0.009331004134897243,-0.9503820258068099,0.36246375362463756,10000,False,20260522,0.6625390092569691,False,1.0,False
IAC_RAC,RAC,0.10396570203644159,0.12471234656644765,0.003974635734020923,-5.219759977606252,9.999000099990002e-05,10000,False,20260522,0.0009427628665704858,True,0.004501152517033517,True
IAC_RDE,IRAC,0.0,0.0049617406463749025,0.0030501396967515418,-1.6267257042879881,0.18418158184181582,10000,False,20260522,0.5525447455254475,False,1.0,False
IAC_RDE,RAC,0.0022988505747126436,0.0041415317584744885,0.0009460022077149116,-1.947861398984343,0.07079292070792921,10000,False,20260522,0.31148885111488855,False,1.0,False
IRAC,RAC,0.16637478108581435,0.13303046939186644,0.003677909844384298,9.066103603616181,9.999000099990002e-05,10000,False,20260522,0.0009427628665704858,True,0.004501152517033517,True
