strain,outdeg_CCAM,outdeg_CCVM,outdeg_CMP,outdeg_CS,outdeg_IG,outdeg_IC,outdeg_RP,outdeg_IRP,outdeg_IAC_RAC,outdeg_IAC_RDE,outdeg_IRAC,outdeg_RAC,indeg_CCAM,indeg_CCVM,indeg_CMP,indeg_CS,indeg_IG,indeg_IC,indeg_RP,indeg_IRP,indeg_IAC_RAC,indeg_IAC_RDE,indeg_IRAC,indeg_RAC,participation,sd_outdeg,sd_pagerank,community_switches,PC1,PC2,PC3,PC4,PC5,PC6,PC7,PC8,PC9,PC10,PC11,PC12,PC13,PC14,PC15,PC16,PC17,PC18,PC19,PC20,cluster
MS138 2,2.0,4.0,3.0,4.0,0.0,0.0,0.0,0.0,9.0,0.0,2.0,31.0,1.0,5.0,0.0,15.0,13.0,3.0,0.0,0.0,0.0,0.0,0.0,1.0,0.6393388429752067,8.36120339557783,0.007185104000881941,4.0,-2.3256519444041683,1.1414844448399515,-1.2322520728648862,-0.13844473773073163,-0.49793731589538737,0.7315102182286782,-0.09885362120918836,0.620255782126917,-0.33361443812166097,-1.8962510485308046,1.3915071489041533,-1.0151522478530104,0.45373432926688356,-1.0777162138966048,0.16447233725915417,-0.025630914661574754,0.750445799877922,0.3246135019315777,0.6455125413505141,0.23055976292327013,1
B7.8,0.0,0.0,1.0,4.0,2.0,0.0,2.0,0.0,7.0,0.0,7.0,33.0,0.0,22.0,11.0,7.0,18.0,1.0,1.0,0.0,0.0,13.0,0.0,0.0,0.6135204081632653,8.900686615212459,0.030053844786694442,3.0,-4.650988151043392,1.078723649013457,-1.2525382144201178,1.1811261104347583,-0.6022024509340195,1.3421415311877558,4.309095421977195,0.7133471468004228,-0.5308543437614844,1.6796243625131295,-1.4926861012043495,0.2711025244223493,2.405371738081719,0.3525874499297287,-0.5978724396909791,1.097818213614599,0.17587873949092245,0.6267615791645571,-0.3759598807506849,-0.28957126512764525,1
MS8 6,0.0,2.0,3.0,3.0,2.0,0.0,1.0,0.0,10.0,0.0,3.0,31.0,0.0,0.0,1.0,13.0,29.0,3.0,0.0,0.0,1.0,1.0,0.0,0.0,0.6373553719008265,8.391050126308519,0.017098847078386967,2.0,-3.2626856912011966,1.5119955751123326,-1.1725410918320505,-0.2680369047904071,-0.6334691034175991,0.2944051094445295,-0.1304610472546009,0.3291106123579246,-1.2365062791640964,-2.5262885725365027,-0.44516044281598993,0.10645472451502984,1.0225162402364034,-1.2873341620961891,0.7853612480916932,1.0462790508424251,-0.4684932156390236,0.24865297376641193,-0.12256720460496584,-0.1566947043150737,1
MS1 13,2.0,3.0,7.0,5.0,16.0,3.0,3.0,0.0,4.0,0.0,0.0,27.0,1.0,7.0,14.0,9.0,15.0,2.0,0.0,0.0,13.0,0.0,16.0,55.0,0.7742857142857142,7.624886155798583,0.019778044052135804,6.0,1.707230686607952,-0.7976024200758015,1.614292055128007,-1.2837683317143762,-1.109230365554993,0.9767435589441759,-0.010447470978553076,1.0520227191923512,0.7725214062306753,-0.20129651069573756,0.38504800550645457,0.42064866872784673,0.9839602071007745,0.6315879253142528,-1.0342488655574729,0.16601652439308928,-0.8656950038789237,1.1541946671131431,0.28291401158014395,-0.6619501405886831,3
MS13 14,4.0,7.0,11.0,4.0,5.0,0.0,4.0,0.0,2.0,5.0,2.0,27.0,3.0,3.0,12.0,24.0,15.0,1.0,0.0,0.0,6.0,0.0,19.0,58.0,0.8006347946835946,6.981622702177163,0.01370614260411011,6.0,2.9095600983065806,-0.25118613166108916,3.3896044680569046,-1.806648747514234,-1.7025708679943545,0.7797005251052169,1.2582231708987537,-0.31918317563673915,0.04001218187773028,-0.41986218437924344,0.6928494923203089,-0.47020128966976316,-0.9822342328736865,0.13023101449196622,-0.1879906050093672,1.1225073642571757,0.6331078438996699,1.1744640744099808,0.793011657955613,0.18324774515579703,3
S713'V,1.0,6.0,2.0,6.0,5.0,0.0,2.0,1.0,2.0,5.0,2.0,28.0,1.0,1.0,15.0,0.0,5.0,1.0,0.0,0.0,23.0,0.0,6.0,44.0,0.7433333333333333,7.211102550927978,0.01574744705134175,5.0,1.2394614954104122,-1.607989173741973,1.2669619670787706,-0.8533565031548979,-0.05541032289732247,-0.08040360498043854,0.9098438632001425,0.08893532186772951,2.910558644411563,-0.39489536904609546,-1.1053884258992992,-0.6301706691836213,0.8813287210237309,-1.6594610752974135,-0.5215671178151771,-0.8034442782362619,-0.040811888533045605,-0.08396960293413323,0.35070355903919703,0.8900479480536724,3
B3.22,2.0,4.0,3.0,3.0,4.0,0.0,4.0,0.0,5.0,0.0,2.0,31.0,1.0,7.0,1.0,1.0,36.0,9.0,0.0,0.0,5.0,0.0,4.0,4.0,0.6848989298454222,8.060534859562498,0.020164236978502555,6.0,-1.6242304903612568,3.5633488587088014,0.30517006219271575,-1.4979302772879577,-1.8637126776628008,2.3298575631595226,-2.7990878631957115,0.19420241773347352,0.18393237660218137,-0.7975879974370297,-0.4340311097350951,0.8978140385182126,0.4763936899227719,0.3341018118733499,-0.7816310020212055,-0.4101673639981956,0.6147086706713034,-0.8455092832126181,-1.020304704130036,0.4290819003126666,1
S802',2.0,4.0,3.0,4.0,23.0,0.0,3.0,0.0,6.0,4.0,12.0,30.0,0.0,0.0,10.0,45.0,3.0,2.0,0.0,0.0,4.0,0.0,20.0,57.0,0.7972467093346214,9.07798007390533,0.040274988119805906,5.0,1.2692235417163875,-0.8076086533771263,2.8538988024895646,-1.2166191423777903,-1.6170310751422585,-2.61127193490344,2.624325119654772,1.3662541015694705,-3.2226731596024236,-0.5898827191370373,1.5694153887598474,-0.1925112058856884,-0.41761165067857575,0.2185787064703969,-0.9448768661627828,-0.24392716248817822,0.8588569729334832,-1.107323596290407,-0.19229725951628837,0.5155030723089651,3
B4.08,2.0,4.0,2.0,0.0,1.0,0.0,3.0,0.0,3.0,0.0,5.0,31.0,1.0,2.0,0.0,0.0,21.0,1.0,0.0,0.0,0.0,2.0,0.0,0.0,0.6043829296424452,8.227241335952167,0.01039553247289705,6.0,-2.3664850653672724,1.4833611020617221,-1.675808987127038,-0.6012728082435104,-2.162352448930885,1.2842993928644983,0.07325712146096433,0.20085811243475654,0.5458759500390881,0.28008858201722,-0.5245315330871865,-1.769855324699703,-1.5789022224625249,-0.030238881342201034,0.6590542785589305,0.39542021072236616,-0.5483793484348466,0.08484544086769794,0.3304522031027385,0.4177377148127268,1
S1707,0.0,2.0,3.0,4.0,14.0,0.0,2.0,0.0,5.0,2.0,2.0,28.0,0.0,1.0,8.0,33.0,12.0,1.0,0.0,0.0,10.0,0.0,2.0,58.0,0.7278876170655567,7.776388764858803,0.028229418838433683,6.0,-0.09755066547371405,-1.5292690611032145,0.810570950491747,-0.9544542419486755,-2.366349636391859,-0.1875669855378708,1.4370232237305998,0.9577262494148587,0.006490157047864757,-1.7373831592791096,1.6282747771388735,-0.2828006741996015,0.5229715386522223,-0.1132979068716808,-0.5601845693284838,0.4737228209605484,-0.8561702673582426,-1.2369226044058255,0.16970751892884103,-0.09763467280133394,3
S1213A,2.0,5.0,6.0,5.0,3.0,0.0,2.0,0.0,16.0,0.0,5.0,31.0,0.0,31.0,0.0,0.0,3.0,0.0,0.0,0.0,1.0,2.0,0.0,0.0,0.760888888888889,8.545222836961791,0.024460749696164248,5.0,-1.6173443512205021,0.5915523298806701,-0.33606570404416386,1.2095066588686008,2.642355581452868,1.5784966332180908,0.9116114810011278,0.20634263778770712,-0.2924488206289979,1.2840979421750978,2.772096241630239,-0.8676670500095273,1.011003922263918,0.8873150358004787,1.7787209773421686,-0.086772516500618,0.06575481520083083,0.5813588785934399,0.332542972726192,0.9204786117407491,1
MS3 18,0.0,3.0,4.0,5.0,2.0,0.0,2.0,0.0,6.0,1.0,11.0,27.0,0.0,0.0,3.0,0.0,6.0,1.0,0.0,0.0,0.0,8.0,0.0,0.0,0.7460360118247783,7.273906943467329,0.011009860435110989,5.0,-2.3788195171015487,0.4390060586708109,-1.146325789960329,0.46952177558429853,0.3511082120137756,-1.2713007104965457,2.179940866648996,-1.3334806632299137,0.7788673753823998,1.7132032466557097,-0.20946568174414348,0.5055488038718668,-0.7281006602828368,0.635883465199735,-0.6462888567183814,0.12150370622942558,-0.1352353593960409,-0.04464768479079726,-0.18467606088513322,-0.42190575185361695,1
S745A,1.0,5.0,4.0,5.0,5.0,0.0,2.0,0.0,5.0,0.0,6.0,30.0,0.0,0.0,9.0,10.0,9.0,1.0,52.0,9.0,1.0,4.0,0.0,6.0,0.7336860670194003,7.779513695169727,0.10037277330886783,4.0,-2.0011423393630174,-0.43562078797233555,3.418046859103829,8.720361785728242,-3.2387003293744066,-1.5777071042518678,-0.44685443696826693,0.6518819734625743,0.6284188978605405,0.01608419363948336,-0.7211316828050168,0.368953198425089,0.018829411928611196,0.25929070708041024,0.5595380469999641,0.5505646490581706,0.5127730774657714,-0.034788652212095754,0.0909128161847217,0.36983516452846166,2
MS8 13,1.0,8.0,5.0,7.0,6.0,4.0,3.0,2.0,14.0,0.0,5.0,27.0,0.0,0.0,5.0,0.0,2.0,1.0,0.0,0.0,14.0,0.0,4.0,23.0,0.828375966686496,7.033649282003065,0.016669132712960923,2.0,1.2839981124999176,0.15041202444231375,0.25932624040442986,1.0382846693329817,4.160835154621003,-1.3866133913635208,0.37876558357297035,-0.09661632961886299,1.021204806085618,-1.9164325078539757,-0.508978186957159,-0.30551982625201796,0.4717403447599908,-0.02925333973362533,0.5434732808923592,-0.2184662727726691,-0.3907046317262772,0.38627686078460666,-0.46138112693629424,0.7667380381910809,3
MS11 21,4.0,5.0,7.0,4.0,29.0,9.0,0.0,0.0,3.0,0.0,6.0,32.0,0.0,5.0,9.0,0.0,7.0,3.0,5.0,1.0,9.0,0.0,3.0,46.0,0.7860422405876951,10.328964130056798,0.008274358946862893,6.0,2.1685869033233054,0.307878723469808,-1.105393949379708,0.4658029937317819,-1.2094833711533781,-0.23080597312422252,-0.7707721406912142,2.1239279063604926,0.07365561891143493,1.8355178520141524,0.807805779310367,0.32159580264752863,0.18060515973637783,-1.022008020405468,-0.005285983348895027,-1.2985230489710078,0.9666058316687339,0.6419480323682917,0.47642573512239356,-0.4781180341264758,3
MS53 7,5.0,9.0,14.0,8.0,15.0,1.0,6.0,1.0,9.0,0.0,7.0,37.0,0.0,0.0,13.0,4.0,30.0,5.0,0.0,0.0,22.0,0.0,11.0,21.0,0.8303571428571428,9.498537899183338,0.016937594125451073,6.0,4.009812646371897,5.331055695174408,2.994165231105944,-0.5399673302974209,0.6918873973451242,0.46511012517840605,-0.3649912650644559,1.2473548276776103,0.4344296376673762,1.0870405489268788,-0.279506177401291,0.3955753475168552,1.1452922098852338,-0.8077266054861878,-0.0008048101194559607,-0.551830876011836,-0.9324772485633476,-0.44523300052963416,-0.48399941841287375,0.2462322387077694,0
MS3 10,6.0,10.0,9.0,9.0,49.0,15.0,4.0,4.0,0.0,0.0,1.0,23.0,0.0,0.0,0.0,0.0,9.0,0.0,0.0,0.0,0.0,0.0,0.0,59.0,0.7937278106508876,13.158225142050462,0.009113157195089878,4.0,8.122751778800247,0.5111433243735748,-4.2849203960338995,2.5404408695405727,0.8992323122347827,0.7742085515700038,0.32149731449854924,-0.7533265187770045,-0.39697435671182474,-1.0652690360860093,-1.015141559465453,-0.9748089494990604,0.41962203432452755,0.3509674699131535,-0.8514222195555382,0.48172471160782,1.2291294177631151,-0.3559321895022052,-0.010859415240070405,0.7163043655109811,0
S1705,4.0,8.0,14.0,6.0,10.0,3.0,9.0,2.0,5.0,0.0,3.0,33.0,2.0,0.0,18.0,19.0,11.0,2.0,0.0,0.0,0.0,0.0,3.0,8.0,0.8268678924434052,8.391050126308519,0.02648726209292579,5.0,4.2155418123571415,3.7451202599803746,2.273370883967549,0.8143226860584266,0.15758259838049515,1.3671511086865467,3.090971865676348,0.5173678058539679,0.9272530925698158,-1.8970028895999962,-0.09822323655478413,0.6089923901208365,-1.3732166563995427,1.2038259177009123,0.7626310046841274,-0.4983669945489786,-0.30712390594508954,-0.08814341436205385,-0.2864465210999007,-0.060593720303658005,0
S1350,7.0,7.0,13.0,8.0,12.0,2.0,5.0,0.0,7.0,0.0,8.0,32.0,0.0,1.0,1.0,1.0,43.0,5.0,0.0,0.0,3.0,0.0,13.0,18.0,0.8391334182923242,8.118480290191153,0.014333783361381677,5.0,2.7131585313759494,5.340647713121541,1.9778456034400795,-0.6298592971921309,0.40207885609460503,0.7101557491722732,-2.0779543654204358,-1.3527571349761534,-1.5488656524133517,1.1141087005025143,-5.736680461632381e-05,0.8792029584298905,-0.013310125168394315,-0.2998610078636783,-0.4072145298778174,1.003935511762995,0.05954328113145583,0.32959803450833547,0.9554564466836515,-0.720710604525211,0
B701,1.0,6.0,6.0,4.0,14.0,0.0,3.0,0.0,3.0,0.0,2.0,26.0,30.0,33.0,1.0,1.0,9.0,0.0,3.0,0.0,6.0,1.0,4.0,46.0,0.7673372781065089,7.2509577911396565,0.08074023589015002,3.0,-0.36320045955625163,-3.5695410853816476,1.8465241791945264,2.287179915274761,2.1639662279830967,6.082129881491431,0.3334318109094185,0.06400516597944862,-2.5286459512950867,0.4139278219281397,-1.1772184115810729,-0.15033440481169844,-1.6496481927630866,-0.31343582285003085,-0.352832670813082,-0.6114452360827818,-0.5115723084953161,-0.7528370336588842,-0.021391867835466694,-0.2893467810924061,3
MS4 1,2.0,3.0,4.0,4.0,13.0,0.0,3.0,0.0,5.0,3.0,9.0,32.0,0.0,0.0,0.0,6.0,10.0,0.0,0.0,0.0,5.0,0.0,14.0,50.0,0.7761341222879685,8.440971508067067,0.009355528893701089,4.0,0.31179409163445765,-0.25689600631967136,0.5268228185591239,-1.1280651118738743,-0.3876823976674704,-1.413100396295791,0.5712351677784774,-0.7837272469517419,-1.593362847784932,0.6408362005747865,-0.3967829237891421,-1.0801669445203987,-0.1288248140999411,-0.05036381873069646,0.8912852042791188,-0.8319976271315735,-0.44701628315422093,0.3030766981335223,0.8917104401361162,0.1739228769178772,3
S10071,2.0,4.0,13.0,5.0,30.0,0.0,4.0,0.0,5.0,11.0,5.0,26.0,0.0,0.0,8.0,1.0,16.0,1.0,0.0,0.0,4.0,0.0,7.0,58.0,0.8206802721088435,9.390819985496474,0.008483562016324935,5.0,3.2701173392923235,-0.9731035726858227,1.0708405123188518,-1.6288983511984014,-1.3820921484089754,-0.2443270530115284,0.8578448528300298,-2.480791336279035,-0.09517670039726055,1.1203411161829133,0.056491673006190846,1.3427678691724927,0.6296299017336349,-0.8708255252032784,2.7093899901077694,0.5751395505755997,0.8937981639660983,-0.27295574941265044,-0.6600328280580117,-0.3264947470420303,3
MS8 20,1.0,3.0,1.0,3.0,7.0,0.0,2.0,0.0,13.0,0.0,5.0,26.0,6.0,8.0,0.0,0.0,16.0,3.0,0.0,0.0,1.0,0.0,1.0,2.0,0.7465735017468422,7.262441432160094,0.013051380683489265,6.0,-2.201981192152534,0.15003698128533005,-0.5628123094977276,-0.5618887089323917,0.9254388216346695,0.9279537931733329,-1.2915953821329647,-0.12942054051955296,0.42296702214485904,-0.057523489334464835,1.6373393743800524,0.2745264490627197,-0.8359812643200784,0.41109372130528943,0.2563411665295812,0.3507925191991918,-0.23512701824937993,-0.7003018604633595,-0.8543384786336707,0.21454451890056941,1
MS1 18,1.0,4.0,2.0,3.0,4.0,0.0,2.0,0.0,7.0,0.0,10.0,35.0,0.0,0.0,0.0,0.0,30.0,2.0,0.0,0.0,0.0,0.0,0.0,0.0,0.6920415224913495,9.30352382463524,0.013581932220872906,5.0,-2.106689988287386,2.7019281212818482,-1.1904293935539905,-0.28566597211931233,-0.9183681205897369,-0.19688912103565537,-0.4449125212712386,-0.11060115138281612,-0.9886891289442052,0.5542053258211536,0.0075390360674583,-0.43270225381893346,-0.6738534449269218,-1.554752712703323,0.7039450424331418,-0.28851721711677797,-1.2925190294107542,-0.3421799369375502,-0.044270280960258125,0.847348850804007,1
MS16 2,2.0,5.0,3.0,2.0,8.0,0.0,2.0,0.0,4.0,0.0,8.0,27.0,0.0,2.0,2.0,2.0,28.0,2.0,12.0,2.0,2.0,2.0,0.0,2.0,0.7530233808116098,7.123416003263853,0.009278792142461164,5.0,-1.5260339234565434,1.20145149809079,-0.1900047510255726,0.8900804876963915,-1.1516723072986215,-0.3752564247266382,-1.2024461076869395,-0.35279131351162907,0.42252638421863004,0.7019867282815461,-0.5066437758619555,0.0583370415509387,-1.5974220706325255,-0.1987272575678018,-0.07766684810682668,1.5876349079143002,0.16377919952628903,0.10399115330489744,0.03831174129680011,0.3149398745427552,1
S625,1.0,3.0,4.0,2.0,38.0,18.0,1.0,0.0,6.0,0.0,9.0,25.0,0.0,0.0,4.0,2.0,9.0,1.0,0.0,0.0,23.0,0.0,3.0,28.0,0.7780592191457769,11.49969806366913,0.013128543060768187,4.0,1.7006428433723646,-1.7223311378084445,-2.9339107375978553,-0.30343524997620147,0.23381660212355357,-1.80609388688697,-0.9041633424288504,3.2636104201077747,-0.9325504718073017,1.2108583888798239,-1.0419695430199853,1.5332338207020633,0.14887664471799136,-0.12383988709786649,0.853017287883551,0.3654348890570978,-0.6429522261759429,-0.8240788068529616,0.43801315667946966,0.1755479224534314,3
MS11 13,2.0,3.0,3.0,7.0,9.0,0.0,1.0,1.0,10.0,0.0,7.0,24.0,2.0,3.0,0.0,0.0,9.0,0.0,1.0,0.0,2.0,0.0,2.0,7.0,0.80418801514814,6.486631551806291,0.0665952507377064,3.0,-0.7391942583993646,-0.9544517528186779,0.035809902743642034,2.038599532400776,2.6957130528622475,-0.6316555572212922,-0.06375710570692789,-1.5411022165679633,-0.518642273031716,-1.06012029182385,0.6220703081525537,0.11908605118449075,-0.13789613000611423,-0.2653470476569988,-0.39020227838810007,0.502672468702682,-0.6380754279109468,-0.6750968132563734,0.8727859932765847,-1.149714650224099,3
MS10 14,1.0,4.0,1.0,5.0,7.0,2.0,1.0,0.0,16.0,0.0,8.0,26.0,0.0,2.0,2.0,5.0,8.0,3.0,0.0,0.0,2.0,0.0,0.0,1.0,0.783177940884745,7.488416981504761,0.012577632225120145,3.0,-2.0085075662709544,0.3257134329723846,-0.6650406582824278,0.15936590912312437,2.5724908318504367,-1.5857066473223511,-0.5617931075110361,0.09630211178808676,-0.2815360954950368,-1.078295653325182,1.3305951095723445,0.7488134032142915,-0.07330480670864052,-0.32823959531360075,0.5226759788553254,0.17661148422007214,0.5323679573436682,-0.17753321911592282,-0.5596082717729415,-0.0916719217185257,1
MS16 7,1.0,2.0,1.0,4.0,7.0,0.0,1.0,0.0,9.0,0.0,5.0,26.0,8.0,8.0,10.0,7.0,13.0,1.0,3.0,0.0,22.0,1.0,7.0,24.0,0.7276785714285714,7.027722880769338,0.011869056037261511,4.0,-1.5746103760833041,-1.6897589787021268,0.8456104539754988,-0.8326681254813789,1.1306305917617072,0.31826836626319593,0.011454800834688476,1.6773362723803136,0.755877082348065,-0.09530258516427617,-0.4273971276286814,-0.019108574859494094,0.5532270349286251,-0.8183302448748159,-0.6767013425243593,0.679256560024743,-0.7139624973159334,-0.24151813229509442,0.36448003301843623,-0.26635127519122365,3
MS8 10,5.0,4.0,3.0,3.0,13.0,0.0,2.0,1.0,11.0,0.0,8.0,28.0,2.0,1.0,8.0,4.0,3.0,2.0,0.0,0.0,15.0,2.0,1.0,13.0,0.8024326101249178,7.610300037887249,0.011906352583110381,4.0,0.10374490162266399,0.5625914814029777,0.187396417108221,-0.1122018509847458,2.163343215993949,-1.0281878009910987,0.40992641562047644,1.536032681537188,0.9888804140958563,0.35129073441310554,0.04338546526247855,-0.8491739555348506,-0.4650114537697406,-0.08831315318395869,0.2980671174765005,0.31210368862947896,1.2707356303784105,-0.783555874714088,0.1843706142502042,-1.2401933479372391,3
S524,2.0,7.0,4.0,5.0,31.0,1.0,1.0,0.0,6.0,0.0,5.0,23.0,1.0,0.0,4.0,0.0,12.0,0.0,0.0,0.0,3.0,0.0,2.0,59.0,0.7720415224913495,9.331473028889324,0.00819569337651964,6.0,1.8642468169350495,-1.3144530341664584,-1.4978293006544978,0.09374613675532671,-0.15573412877481072,-0.3813094887863206,-0.7188150504132663,-0.424428282151614,0.18738760477767843,0.8596108283195494,1.2418562753369045,-0.912605336062317,-0.7010387307267456,-0.7255386800243672,-0.6014514852623574,0.6622752856039843,-0.3507175761313848,0.2574970718622502,-1.03924198733059,-0.45369336336812754,3
MS3 15,0.0,2.0,2.0,4.0,6.0,1.0,4.0,0.0,7.0,0.0,5.0,31.0,0.0,0.0,0.0,0.0,8.0,2.0,0.0,0.0,0.0,5.0,0.0,1.0,0.7107180020811654,8.122328620674136,0.007458775252975732,4.0,-2.338912231414143,1.0795500798763216,-1.4801500697126144,0.04569103659676218,-0.1824514708542011,-0.15493000733666706,1.233293059037824,-0.6420120838768452,0.3357142359761198,-0.11322616812460527,-0.826836895795266,-0.09371150344399248,0.11027845036011488,1.1653478329671982,0.6299848012994644,-0.7455013738267318,-0.4285589372243531,-0.2872368766398243,-0.18887013756420284,-0.286179831152399,1
MS6 8,2.0,3.0,3.0,4.0,9.0,0.0,1.0,0.0,12.0,0.0,6.0,25.0,0.0,22.0,0.0,0.0,15.0,3.0,0.0,0.0,12.0,0.0,13.0,25.0,0.7810650887573964,6.909634979907082,0.015716692900982272,3.0,-1.526242264394012,-0.6605274317243582,0.6394341866023547,-0.821679837780539,2.4396223472702494,0.17804513016519,-1.674106286936356,0.288387725643897,-1.0103423086527803,0.1851520652982812,0.40117637557917,0.037968575476586136,1.3285031715296594,0.7339963161469031,-0.06655934741309524,0.7262922401903393,0.6682031358425325,0.9084564821378788,0.34127416138718625,0.17026686079896775,3
MS3 11,0.0,3.0,4.0,3.0,7.0,20.0,2.0,0.0,6.0,0.0,7.0,25.0,5.0,5.0,9.0,4.0,7.0,2.0,2.0,0.0,4.0,0.0,1.0,5.0,0.7981109799291618,7.653521339154212,0.004064940708974274,4.0,-0.17506542201790254,-1.095091298574122,-1.680728288128007,-0.04035924299579304,0.8069954388022936,-0.28819271935886265,0.1513355995845838,1.7306811012301124,0.37111071602281903,-0.41541922469270687,-0.23886987685626637,3.2895254009078885,-1.7522298972936259,0.44223163664376125,0.3562571093267509,-0.1963746421669093,-0.15855469369702696,0.8049345049532411,1.0448104406537126,0.8296798417696983,3
S709B,0.0,2.0,1.0,5.0,10.0,0.0,0.0,0.0,7.0,7.0,1.0,24.0,15.0,17.0,14.0,1.0,14.0,1.0,0.0,0.0,5.0,0.0,10.0,52.0,0.7522314558325639,6.672393373695329,0.020446520955543605,6.0,-0.6854644874575916,-3.957608816002998,1.5062449226732573,-1.3609991816066929,-0.1400740387012366,2.572414575872278,0.42018557900510933,-0.8534257842953977,0.9562443349730394,0.4721998872157212,1.0115475437258414,1.2301673312025538,0.3820188875271654,-1.7843036995314059,-0.5066363991634935,0.3233934017103271,0.3027370554668863,0.2780261994540706,-0.5685800914730315,0.6624966323443896,3
MS10 6,2.0,5.0,1.0,1.0,7.0,0.0,3.0,0.0,7.0,1.0,3.0,24.0,1.0,6.0,1.0,5.0,14.0,2.0,6.0,1.0,25.0,0.0,14.0,46.0,0.7517146776406036,6.331139971074193,0.014842990190862009,4.0,-0.5485080718623824,-1.5886520037908378,1.6446146110336524,-1.2261662195752927,0.3294209528748933,-0.3265079296638308,-2.006300290325036,1.1276176531004871,0.6411138743965076,-0.4166296699381995,-1.4285617873224246,-1.4901090039063942,0.039687942553694906,1.0737148910929726,0.12341893631696253,1.1760924522830833,0.09242318921857186,0.043538893070442085,0.26335592858777906,0.4819552752533911,3
MS11 4,1.0,1.0,2.0,3.0,2.0,0.0,1.0,0.0,4.0,0.0,5.0,28.0,0.0,1.0,4.0,0.0,10.0,3.0,0.0,0.0,1.0,1.0,1.0,2.0,0.6174739701222274,7.421346837932377,0.004562784339187468,5.0,-2.8128312108116122,0.30750869131796915,-1.683307489384422,-0.7333820426379983,-1.3205252545690755,0.25599968274075613,-0.06657334089012741,0.035233320793854175,1.0380233336184241,-0.654615007035956,0.07516694007028146,-0.18343760422669783,-0.25754999794075695,-0.26204480374806843,-0.417095294920568,-0.6975912763621411,0.28000713454105725,0.47459684720581685,0.5094317132769852,-0.5062462148538547,1
MS8 12,1.0,4.0,2.0,4.0,5.0,0.0,1.0,0.0,6.0,0.0,9.0,28.0,0.0,4.0,2.0,1.0,11.0,4.0,0.0,0.0,1.0,4.0,0.0,0.0,0.7322222222222222,7.438637868140466,0.0076384082056237925,5.0,-2.351162395059597,1.0811669993801347,-1.1332294376957683,-0.11058647611444941,0.13526555873769414,-0.5439283475568171,0.07909181750249984,-0.3441070459534088,0.43978434784648573,0.7485379073374658,0.2697363352460023,0.3708441222677857,-0.6138055368313879,0.007491675156733916,-0.9643172356700406,-0.39103395429710697,0.8273422171929766,-0.08550090921601522,-0.3783170263564077,-0.07463427990618819,1
MS11 23,1.0,7.0,0.0,5.0,5.0,0.0,1.0,0.0,7.0,0.0,11.0,29.0,1.0,1.0,1.0,3.0,14.0,2.0,0.0,0.0,2.0,5.0,0.0,0.0,0.7447199265381084,7.9004219296608875,0.006012295496489703,4.0,-2.054713884524414,1.267383602784476,-1.1517783821800016,0.49600907517159615,1.0099670502132696,-1.2400910937638463,0.7074857575765767,-0.5439315402698158,-0.18212412131235278,0.9846166640575342,-0.30713935047867397,-0.4380078878188167,-0.957298112708932,-0.9251768452617234,-1.0064051083832224,0.23213561013374515,0.38036350853965023,-0.14770161112165572,-0.42301160880615635,0.6825766055207039,1
MS5 4,0.0,3.0,3.0,2.0,14.0,0.0,1.0,0.0,3.0,2.0,6.0,29.0,0.0,0.0,0.0,2.0,9.0,1.0,0.0,0.0,0.0,0.0,4.0,58.0,0.7205845301083397,8.053208470334459,0.008500338802169613,4.0,-0.9125568024288775,-1.3547130538894894,-1.2133989464333084,-0.777752948711616,-1.2542037916032038,-0.6611201210424492,-0.04042044470519622,-0.7249385987271257,-0.7098975832053314,-0.26378167814775383,-0.2816013028808157,-0.8605633415997748,-0.5343052694948699,-0.48370005278389266,0.6577392111135653,-0.8796909018676078,-0.13188148433225733,0.7194607717245196,-0.14560792947301487,-0.21309646214533953,3
S1502.2,1.0,2.0,3.0,5.0,11.0,1.0,2.0,0.0,4.0,0.0,3.0,28.0,0.0,0.0,0.0,14.0,17.0,4.0,0.0,0.0,0.0,1.0,1.0,3.0,0.7294444444444445,7.494442385305705,0.009062602920138944,4.0,-1.4521577504505996,0.9003678812093738,-0.9585779791742887,-0.47078557629911055,-0.9578273433049188,0.08961993411445582,-0.2596927277135779,-0.507770542222688,-0.32017095123493344,-1.715174156528904,0.21700862489516812,0.6737174977994821,0.13828514008599377,0.23303233344685118,-0.7485047261124865,-0.015542585608503922,0.38472973474373573,-0.5184681237502899,0.5456915839908808,-0.5387675642382419,1
MS16 3,2.0,7.0,8.0,6.0,11.0,2.0,2.0,1.0,7.0,0.0,9.0,26.0,0.0,0.0,16.0,1.0,11.0,1.0,0.0,0.0,6.0,0.0,3.0,22.0,0.8340192043895748,6.722164829874376,0.019630620654142047,5.0,1.6299468339757217,0.49815547930672494,0.8662847756547633,0.5012211506166845,1.576912242108218,-1.0131044147696369,0.8720194950872107,-0.018373482817042177,1.4738427018078788,0.21941391422650583,0.653358039788249,0.9557409876046569,-1.2616164340943319,-0.9767541011956428,-0.739351066721626,0.20209754990342008,-0.44361159321613797,0.9443353641735751,-0.3758633714008736,-0.3654067809135624,3
MS4 2,2.0,4.0,2.0,5.0,12.0,0.0,4.0,0.0,5.0,6.0,6.0,24.0,0.0,0.0,1.0,1.0,11.0,1.0,0.0,0.0,12.0,0.0,13.0,43.0,0.8200000000000001,6.2826922749902545,0.014425766043117091,4.0,0.6954540230873411,-1.5652503283943804,1.493753708433538,-1.5888078181647904,0.5739481200887256,-1.2141972822668299,-0.4519787127271826,-2.0009075188889827,0.25890859008745704,0.10160322306844621,-1.0112388385113686,-0.12297694821029106,-0.1638543245492632,0.4799592476308391,0.4518825271944754,0.3906450455325009,0.3883329696623838,-0.5289335757563833,0.7443906099129891,0.2742659576047471,3
S713'W,0.0,4.0,3.0,2.0,24.0,1.0,2.0,0.0,7.0,1.0,11.0,26.0,1.0,0.0,5.0,9.0,11.0,3.0,0.0,0.0,8.0,0.0,24.0,55.0,0.7779301935680536,8.709429755538917,0.01895149293538512,3.0,0.0604761896844091,-1.3008083391723384,0.9540410151472383,-1.581122131068703,0.1306377369119172,-2.236936090152882,-0.5065865222793713,0.7524331972090872,-2.6225385795266822,0.07664858590148554,-1.0355255304520865,0.1348909458977262,-0.18029442141654797,0.4091584812690395,-0.5428805360909577,-0.2449531016968615,0.04425472965216313,1.0316827833005018,-1.4010757313656546,0.1264348488639911,3
S1226,1.0,6.0,6.0,6.0,14.0,0.0,1.0,0.0,8.0,0.0,4.0,29.0,0.0,0.0,2.0,0.0,7.0,1.0,41.0,2.0,3.0,0.0,3.0,57.0,0.7818666666666667,7.949056547792323,0.07311627620989977,5.0,0.1961161306833639,-1.1721950559043794,1.6876951713981692,4.648467650209762,-1.045966386854503,-0.8424025340647716,-1.5723720885224899,-0.48672394536343366,0.0036619411399458567,0.02856190014276862,1.0707902510004346,-0.6310505337609836,0.41927404965213727,-0.36634058295745126,0.6472661700072369,-0.748702363266618,-0.9679076748199413,0.3845160636568137,-0.5783727843425618,-0.7020708906734051,2
MS10 8,1.0,4.0,3.0,7.0,9.0,0.0,2.0,0.0,6.0,1.0,5.0,25.0,2.0,13.0,0.0,1.0,10.0,4.0,17.0,3.0,10.0,0.0,7.0,47.0,0.7865961199294533,6.559026858714129,0.04443346931282024,5.0,-0.6025861652592658,-1.2404517914855375,1.8990156588417375,2.0553662986178773,-0.08459447110243834,0.026558267099608183,-2.1890614293991106,-0.8452846378386623,0.2774451663278763,0.18756354457345806,0.38251393649294746,0.5896064754531778,0.9078778211099852,0.8600920905889952,-1.0188760274705415,-0.7044499272778845,0.5728048592545,-0.34611818863029714,0.2006819576472117,0.4846372096583471,3
MS4 4,3.0,4.0,4.0,3.0,10.0,0.0,3.0,0.0,10.0,1.0,5.0,30.0,0.0,0.0,5.0,3.0,6.0,2.0,0.0,0.0,18.0,0.0,8.0,33.0,0.7776318258585101,7.857674945908336,0.010148150155518343,6.0,0.2766115967077564,0.22672765006786136,0.9368749457886864,-1.3269882885499535,0.34757966765488885,-0.6607345778575683,-0.5425486431155238,1.1965105561477243,1.1031377460365555,0.6131187094655601,0.6404265298885622,-1.1104558405551375,0.07715797470061576,0.4231830322482531,0.7666333654904264,-0.48984518455232917,-0.29761839191335554,-0.4817920089238954,0.1476581684815946,-0.33622483544463805,3
S1213B,1.0,1.0,4.0,3.0,5.0,0.0,3.0,0.0,7.0,0.0,6.0,29.0,2.0,23.0,0.0,1.0,9.0,3.0,0.0,0.0,2.0,3.0,1.0,0.0,0.716460787130135,7.6207866318962685,0.013199526310152542,6.0,-2.5373279895170326,0.5045939876795551,-0.7360563744742432,-0.3494931925757811,0.008227732800073138,1.7355351973486652,0.34039737024498956,0.025716229705035454,0.20625416271594024,1.1717529250592162,1.0062774884110093,0.2874382907211879,0.16024556812136168,1.795334464533513,0.19650267323519807,-0.5896840663440146,0.32879824681891995,-0.3098269136454244,0.29392341511145575,0.2755298853692715,1
MS11 19,2.0,4.0,3.0,5.0,18.0,0.0,3.0,0.0,7.0,1.0,6.0,28.0,0.0,0.0,0.0,2.0,15.0,1.0,0.0,0.0,17.0,3.0,13.0,14.0,0.7879912295496712,7.973480349815184,0.014412466356410403,6.0,0.20522443016510805,0.2066129107474755,0.4043309067219948,-0.9198373510947147,0.21787547949125868,-0.8235759102165013,-0.38946271629198825,-0.1661107301615142,0.3252066495090815,1.463698048033147,-0.1816058702006649,-0.8055907506502004,0.45172962278783285,0.8075510102345775,-0.4960233831413548,0.6087246804454386,-1.0528347537034266,-0.8584027388206695,0.3505735219631629,0.050485100562648155,3
S1701,1.0,3.0,1.0,3.0,3.0,0.0,2.0,0.0,7.0,0.0,4.0,27.0,0.0,0.0,3.0,0.0,6.0,4.0,1.0,0.0,2.0,2.0,0.0,1.0,0.6820453671664743,7.131210743391803,0.006332829258335699,4.0,-2.554619829112024,0.445948972659117,-1.1956705461647954,-0.4064677105093438,-0.0329939292464117,-0.109110801976126,-0.26524084445945106,0.0028200277733929475,1.1114566612448624,-1.077596193143886,-0.2550554485288978,-0.08295942491182849,-0.3417243926537282,0.34949032162214827,-0.07105765998388278,-0.6033764468970468,0.9121112416016747,0.17544356210804726,-0.3028037566459386,-0.523452323242378,1
MS8 30,1.0,2.0,2.0,6.0,6.0,0.0,3.0,0.0,3.0,3.0,7.0,27.0,0.0,0.0,3.0,0.0,12.0,2.0,0.0,0.0,6.0,1.0,5.0,52.0,0.7538888888888888,6.988085097745543,0.012634112391516409,5.0,-0.4602368935574058,-0.6838416296598313,0.20466287340137565,-0.9849800858530933,-0.6358307118461013,-0.6683019170162278,0.04545015291289934,-1.6807814846220692,0.5532243824841936,0.2650716516942471,-0.41329857253613356,0.243718235804891,0.11692430018127725,0.02766629815225581,-0.5503213172549802,-0.8619504149954458,-0.2129310728355025,-0.33584044156895937,0.5710786352640255,-0.18556791253241517,3
MS11 6,0.0,2.0,7.0,3.0,26.0,5.0,4.0,1.0,6.0,1.0,2.0,24.0,0.0,0.0,5.0,6.0,10.0,2.0,0.0,0.0,10.0,0.0,7.0,52.0,0.787075140984606,8.417491708737625,0.007749180869884442,5.0,1.6756619432092794,-1.3274650524946203,-0.6456766104919675,-1.0833225862609446,-0.5599687374785158,-0.17289727626710505,-0.19164998037451017,0.2510300694810242,0.5059654208844218,-0.9949444773144094,-0.28776860411376454,0.7519679645298564,0.34693494334801434,1.694286048015802,0.47766646270334745,0.16948178749582357,-0.7407889557260026,-0.12591031903215527,-0.884002516633041,-0.4261259726627158,3
MS15 6,1.0,3.0,3.0,5.0,9.0,0.0,3.0,0.0,5.0,0.0,7.0,29.0,3.0,3.0,2.0,0.0,5.0,3.0,0.0,1.0,6.0,0.0,16.0,55.0,0.7517159763313609,7.620786631896269,0.009986605015717591,5.0,-0.2581264731013821,-0.5389400260064029,0.7999063407353348,-0.8224235828603195,-0.26757785534657774,-0.5374177921780613,-0.6919342117613042,-0.358795260140961,-0.46377509266420475,0.34602071060182005,-0.24245913849954454,-0.4069364298262382,0.008677978832958427,0.9362175016192998,-0.8244577039728959,-1.8538282855392172,-0.18230338818425065,0.7265879215128928,0.004641755098732833,0.15641965115099363,3
MS1 14,1.0,4.0,7.0,5.0,41.0,14.0,1.0,1.0,1.0,0.0,0.0,22.0,0.0,0.0,0.0,0.0,12.0,0.0,0.0,0.0,0.0,0.0,0.0,59.0,0.7390796046338612,11.800129471982736,0.00909744991669414,6.0,3.5227348029183863,-1.9940272691070633,-4.422362720692825,0.672202620095281,-1.7619112864828368,0.6305549569021128,-0.6764391110983687,-0.02077462433832241,-0.18703097124104567,-0.11677217128629128,0.5471408001632807,0.526044525123957,0.3167080824472283,0.34686254107174047,-0.24346198171609784,0.4822678029677086,-0.6913058814905588,0.25076424557729826,-0.16887316372342964,-0.09285071411821906,3
MS16 8,4.0,6.0,2.0,1.0,22.0,1.0,3.0,0.0,6.0,2.0,3.0,28.0,8.0,8.0,10.0,0.0,6.0,2.0,0.0,0.0,20.0,1.0,4.0,55.0,0.7725180802103879,8.54887906882144,0.016041288004275598,4.0,1.0258435129449364,-1.35615564847516,0.7758853131440158,-0.9069640765043656,0.5970753389080389,1.1340890510976374,-0.2827591959045542,2.0840494593485013,0.5696008449617402,0.7522812156738511,-1.3583070449570387,-1.2637066578744147,-0.41109539214984486,-0.5447880447265261,0.8214320868333678,-0.10118529260351768,1.2333062407964928,-0.48829179224365543,-0.5720293822905217,-0.6949252724571732,3
B201,4.0,7.0,11.0,7.0,44.0,12.0,2.0,2.0,0.0,0.0,0.0,27.0,0.0,0.0,0.0,0.0,8.0,0.0,0.0,0.0,0.0,0.0,0.0,57.0,0.7731866825208086,12.684198393626966,0.008379997541940482,6.0,5.864274134237822,-0.014650378535080352,-3.870206945939754,1.5174229307344496,-1.0966497780437472,1.021490271712907,0.029024048799815003,-0.19967363117172357,-0.24211792484577707,0.185573837852591,0.5787599531439601,-0.6758686721850438,0.47418453147918593,0.007448451789256022,-0.07472749401011611,-0.34043996670625926,0.04183320406454089,0.12854026616030703,0.25123230607606767,-0.13308309244092162,0
MS8 21,1.0,4.0,2.0,9.0,20.0,0.0,2.0,1.0,5.0,2.0,9.0,28.0,0.0,2.0,2.0,0.0,13.0,1.0,0.0,0.0,6.0,2.0,3.0,17.0,0.7966323123820583,8.30118800065522,0.013155915045586058,4.0,0.4526785688904074,0.19152453170269715,-0.8058984896473746,0.5493514955713842,1.2083003919957298,-1.2376079378277385,0.7214121963317931,-1.8406837939749854,-0.09981344565921642,0.5200919529276765,-0.3022685226578712,0.3245294397840356,0.8027181910766638,-0.7626790693369779,-1.0685298843508875,-0.4178376678099667,-0.3182033977550392,-0.9174162496910886,0.31858185810498724,0.35710263755284405,3
S705A,1.0,4.0,4.0,5.0,6.0,0.0,3.0,0.0,6.0,1.0,5.0,31.0,3.0,3.0,4.0,0.0,15.0,3.0,1.0,0.0,3.0,0.0,8.0,19.0,0.741505968778696,7.973915809270458,0.02863512046111066,1.0,-1.1039361489979649,0.6559200632012517,0.5216581515446744,0.16701410319311197,0.9000222326601447,0.13730001274081682,-0.03659959916148252,-0.5202745056909622,-1.4171849983541067,-1.4805228351205741,-1.8175221947158322,0.32109856424916366,0.48083434421527826,-0.7988310149516796,0.6406792568304426,-0.9511644962038708,0.14228986996718349,0.7769920375085149,0.17425043578019592,-0.4167832528919916,1
B213,2.0,6.0,4.0,4.0,14.0,0.0,3.0,1.0,7.0,0.0,4.0,27.0,0.0,0.0,2.0,2.0,16.0,1.0,0.0,0.0,2.0,2.0,15.0,44.0,0.7932098765432098,7.302967433402215,0.009248457355581717,5.0,0.9690025638322207,0.17864989469375575,0.24759074009347065,-0.5545059681584386,0.36747828249844433,-0.35446279393023766,-0.21602564694163695,-0.9581272999509105,-0.03611307665159019,-0.09831869490125132,-0.14382008067898705,-1.2214611138614917,-0.3969827696514472,0.9285726844181406,-0.6255833279740965,0.6925267371190976,-0.5163445369432945,1.0775569008885661,-0.6730986379851617,0.18342282461924753,3
S709A,0.0,1.0,4.0,3.0,13.0,2.0,3.0,0.0,4.0,7.0,2.0,26.0,2.0,2.0,0.0,0.0,15.0,2.0,0.0,0.0,5.0,1.0,5.0,55.0,0.7744378698224852,7.0764672604972105,0.007825252765043237,5.0,-0.24433233025478396,-1.9213720994788237,-0.035335092180029136,-1.8512798811965694,-1.4452339058455028,0.3499764406996198,-0.33148653583588555,-2.0104311869583076,0.5200958102026675,-0.10433502551112177,-0.5239845482122747,0.7497029707855406,0.33996887603150683,0.4321290889651997,1.345595422906,0.027170031385231296,0.19285525947891932,-0.4987446062542253,-0.0010064884414041607,0.05271644295476738,3
